{
  "version": 1,
  "author": "Shashwat Shukla",
  "editor": "wokwi",
  "parts": [
    { "type": "wokwi-breadboard", "id": "bb1", "top": 54.6, "left": -112.4, "attrs": {} },
    { "type": "board-esp32-devkit-c-v4", "id": "esp", "top": -28.8, "left": 436.84, "attrs": {} },
    { "type": "wokwi-led", "id": "led1", "top": 73.2, "left": 51.8, "attrs": { "color": "blue" } },
    {
      "type": "wokwi-led",
      "id": "led2",
      "top": 73.2,
      "left": 147.8,
      "attrs": { "color": "limegreen" }
    },
    { "type": "wokwi-led", "id": "led3", "top": 73.2, "left": 243.8, "attrs": { "color": "red" } },
    {
      "type": "wokwi-resistor",
      "id": "r1",
      "top": 186.35,
      "left": 76.8,
      "attrs": { "value": "1000" }
    },
    {
      "type": "wokwi-resistor",
      "id": "r2",
      "top": 186.35,
      "left": 172.8,
      "attrs": { "value": "1000" }
    },
    {
      "type": "wokwi-resistor",
      "id": "r3",
      "top": 186.35,
      "left": 268.8,
      "attrs": { "value": "1000" }
    }
  ],
  "connections": [
    [ "esp:TX", "$serialMonitor:RX", "", [] ],
    [ "esp:RX", "$serialMonitor:TX", "", [] ],
    [ "led3:C", "bb1:37b.f", "black", [ "v0" ] ],
    [ "led2:C", "bb1:27b.f", "black", [ "v0" ] ],
    [ "led1:C", "bb1:17b.f", "black", [ "v0" ] ],
    [ "led1:A", "bb1:18b.g", "red", [ "v0" ] ],
    [ "led2:A", "bb1:28b.g", "red", [ "v0" ] ],
    [ "led3:A", "bb1:38b.g", "red", [ "v0" ] ],
    [ "bb1:27b.g", "bb1:bn.21", "black", [ "v0" ] ],
    [ "bb1:37b.g", "bb1:bn.30", "black", [ "v0" ] ],
    [ "bb1:17b.g", "bb1:bn.13", "black", [ "v0" ] ],
    [ "bb1:bp.25", "bb1:bp.26", "red", [ "v0" ] ],
    [ "bb1:bn.25", "bb1:bn.26", "black", [ "v0" ] ],
    [ "bb1:24b.i", "esp:25", "red", [ "v0" ] ],
    [ "bb1:34b.i", "esp:26", "red", [ "v0" ] ],
    [ "bb1:44b.i", "esp:27", "red", [ "v0" ] ],
    [ "esp:12", "bb1:56t.b", "", [ "$bb" ] ],
    [ "esp:13", "bb1:56t.d", "", [ "$bb" ] ],
    [ "esp:14", "bb1:56t.a", "", [ "$bb" ] ],
    [ "esp:GND.1", "bb1:56t.c", "", [ "$bb" ] ],
    [ "esp:D2", "bb1:56t.e", "", [ "$bb" ] ],
    [ "esp:5V", "bb1:56b.f", "", [ "$bb" ] ],
    [ "led1:A", "bb1:18t.b", "", [ "$bb" ] ],
    [ "led1:C", "bb1:17t.b", "", [ "$bb" ] ],
    [ "led2:A", "bb1:28t.b", "", [ "$bb" ] ],
    [ "led2:C", "bb1:27t.b", "", [ "$bb" ] ],
    [ "led3:A", "bb1:38t.b", "", [ "$bb" ] ],
    [ "led3:C", "bb1:37t.b", "", [ "$bb" ] ],
    [ "r1:1", "bb1:18b.h", "", [ "$bb" ] ],
    [ "r1:2", "bb1:24b.h", "", [ "$bb" ] ],
    [ "r2:1", "bb1:28b.h", "", [ "$bb" ] ],
    [ "r2:2", "bb1:34b.h", "", [ "$bb" ] ],
    [ "r3:1", "bb1:38b.h", "", [ "$bb" ] ],
    [ "r3:2", "bb1:44b.h", "", [ "$bb" ] ],
    [ "esp:GND.1", "bb1:bn.45", "black", [ "h0" ] ]
  ],
  "dependencies": {}
}